ts	phase	decision	why	evidence	result
2026-09-16T18:03:24Z	pickup	treated today's four X0000-008 rejects as the resume point, not a fresh problem	the composer already got the xmlns:efile fix at 20:13:38 after the last send; it was never re-run	logs/mef-spring-boot.log:288-292, git diff ReportingAgentReturnXml.java	resume point = re-run
2026-09-16T18:03:24Z	verify	ran the offline composer test before touching IRS	prove the fixed root validates against Return941.xsd without spending an ATS submission	target/surefire-reports/com.irs.mef.reportingagent.ReportingAgentReturnTest.txt	tests green
2026-09-16T18:03:24Z	tooling	added a surefire argLine block to the pom (Grok seat 4) and dry-ran the gated test without the gate	mvn test could not reach the SDK on Java 17; the dry run proves the fork starts and skips with no IRS contact	mef-spring-boot-integration/pom.xml surefire block; surefire report Skipped: 1	config green
2026-09-16T18:03:24Z	decision	export MEF_SOFTWARE_ID=12345678 for this run only, .env stays blank	Software ID is not issued; ATS accepted this placeholder for the OneWell run; a R0000-904-03 reject would still be useful evidence	mef-spring-boot-integration/.env comment, FORM_941_SUBMISSION_IMPLEMENTATION.md	open until ack
2026-09-16T18:03:24Z	decision	keep OriginatorTypeCd=ReportingAgent under EFIN 102192	efin-102192-originator.html says keep RA and call e-Help; an R0000-118-01 reject is the expected, documentable outcome	efin-102192-originator.html	open until ack
2026-09-16T18:12:32Z	send-1	sent RA 941 10219220262591hv5qt1 with the fixed Return root; ATS still answered X0000-008 in one second	the composer fix alone was a hypothesis, the ack refuted it	data/inspector-ring/10219220262591hv5qt1/return.xml, logs/mef-spring-boot.log 21:05:43	rejected X0000-008
2026-09-16T18:12:32Z	root-cause	checked the real wire bytes, not the composer: inspector ring return.xml root is exactly what X0000-008 asks for; the manifest root has no efile prefix	the only XML in the zip whose root does not carry xmlns:efile is the manifest	data/inspector-ring/10219220262591hv5qt1/manifest.xml	hypothesis: IRS applies the check to the manifest too
2026-09-16T18:25:59Z	root-cause	rebuilt the SDK zip offline from the captured snapshot: entries /manifest/manifest.xml and /xml/<id>.xml, return bytes identical to the composer output, no BOM, ASCII only	the wire artifact, not the composer, is what IRS reads	target/archive-dump/10219220262591hv5qt1/, SubmissionArchiveBytesDumpTest	return root is correct in the zip; manifest hypothesis weakened by schema check and rule scope
2026-09-16T18:25:59Z	root-cause	next split: capture raw HTTPS bytes to a local sink with the inspector handler on and off	the inspector SOAP handler is the one component the accepted OneWell send never had; avoids more ATS sends	scratchpad/wiretest/	open
2026-09-16T18:41:27Z	root-cause	captured the raw HTTPS request to a local TLS sink with the inspector on and off: identical MIME structure, binary attachment, same zip entries, correct Return root	rules the inspector handler and the SDK packaging out as the cause	.audit/wire-capture-2026-09-16/	inspector hypothesis refuted
2026-09-16T18:41:27Z	root-cause	checked IRS status page: 2026Q1v4.0 Active in ATS since 12/7/2025; Pub 5446 names zip entries with a leading slash; 10.A release notes: 10.9 valid until Jan 2027	three more candidate causes removed by documents, not sends	irs.gov TY2026 employment tax schema page; scratchpad p5446.txt; MeF 10.A Release Notes.doc	ruled out
2026-09-16T18:41:27Z	blocked	two live bisect sends denied by the permission classifier; user asked to stop and record everything in an HTML report	next session starts from the report, not from scratch	.audit/ra-ats-first-send.tsv, report html	open: X0000-008 unresolved
2026-09-16T18:51:15Z	report	wrote the session record as an HTML page from a shared fact sheet, five Grok seats one section each, assembled with a QA script, rendered headless: 0 overflowing elements	user asked for the record so the next session starts from evidence	x0000-008-investigation-2026-09-16.html, scratchpad/report/FACTS.md	published
